<?xml version="1.0" encoding="UTF-8" ?>
<odoo noupdate="1">
    <!--    Seller User Template-->
    <record id="template_seller_user" model="res.users">
        <field name="name">Seller User Template</field>
        <field name="login">Seller Template</field>
        <field name="active" eval="False"/>
        <field name="groups_id"
               eval="[Command.set(
               [ref(
               'multi_vendor_marketplace.multi_vendor_marketplace_req_seller'),
               ref('base.group_user'),ref('sales_team.group_sale_manager')])]"/>
    </record>
</odoo>
