<?xml version="1.0" encoding="UTF-8" ?>
<odoo noupdate="1">
    <!--    Data for facebook-->
    <record id="fb" model="social.media">
        <field name="name">Facebook</field>
        <field name="base_url">https://www.facebook.com/</field>
    </record>
    <!--    Data for google-->
    <record id="g+" model="social.media">
        <field name="name">Google+</field>
        <field name="base_url">https://plus.google.com</field>
    </record>
    <!--    Data for twitter-->
    <record id="twitter" model="social.media">
        <field name="name">Twitter</field>
        <field name="base_url">https://twitter.com/</field>
    </record>
    <!--    Data for you tube-->
    <record id="youtube" model="social.media">
        <field name="name">YouTube</field>
        <field name="base_url">https://youtube.com/user/</field>
    </record>
    <!--    Data for linkedin-->
    <record id="linkedin" model="social.media">
        <field name="name">LinkedIn</field>
        <field name="base_url">https://linkedin.com/in/</field>
    </record>
    <!--    Data for instagram-->
    <record id="insta" model="social.media">
        <field name="name">Instagram</field>
        <field name="base_url">https://instagram.com/</field>
    </record>
</odoo>
